organism_code,common_5perc,native,species_name,genus,species,origin,comments
6890,1,0,Potamocorbula amurensis,Potamocorbula,amurensis,Introduced,NA
2730,1,0,Varichaetadrilus angustipenis,Varichaetadrilus,angustipenis,Introduced,NA
6730,1,0,Corbicula fluminea,Corbicula,fluminea,Introduced,NA
4550,1,0,Sinocorophium alienense,Sinocorophium,alienense,Introduced,as Corophium alienense
4750,1,0,Gammarus daiberi,Gammarus,daiberi,Introduced,NA
3430,1,0,Manayunkia speciosa,Manayunkia,speciosa,Cryptogenic,formerly Introduced
3450,1,0,Laonome calida,Laonome,calida,Introduced,as Laonome cf. calida
4230,1,0,Nippoleucon hinumensis,Nippoleucon,hinumensis,Introduced,NA
3050,1,0,Boccardiella ligerica,Boccardiella,ligerica,Introduced,NA
3130,1,0,Marenzelleria neglecta,Marenzelleria,neglecta,Introduced,NA
4150,1,0,Balanus improvisus,Balanus,improvisus,Introduced,as Amphibalanus improvisus
6630,1,0,Melanoides tuberculata,Melanoides,tuberculata,Introduced,NA
4670,1,0,Grandidierella japonica,Grandidierella,japonica,Introduced,NA
3090,1,0,Pseudopolydora kempi,Pseudopolydora,kempi,Introduced,NA
2490,1,0,Branchiura sowerbyi,Branchiura,sowerbyi,Introduced,NA
6810,1,0,Limecola petalum,Limecola,petalum,Introduced,NA
4310,1,0,Synidotea laticauda,Synidotea,laevidorsalis,Introduced,as S. laticauda
3370,1,0,Alitta succinea,Alitta,succinea,Introduced,NA
4510,1,0,Ampelisca abdita,Ampelisca,abdita,Introduced,NA
4410,1,0,Uromunna sp. A,Uromunna,sp. A,Introduced,NA
4270,1,0,Sinelobus stanfordi,Sinelobus,sp. A,Introduced?,as Sinelobus cf. stanfordi (as Sinelobus stanfordi in the past?)
3110,1,0,Streblospio benedicti,Streblospio,benedicti,Introduced,NA
4950,1,0,Rhithropanopeus harrisii,Rhithropanopeus,harrisii,Introduced,NA
3170,1,0,Heteromastus filiformis,Heteromastus,filiformis,Introduced,NA
6870,0,0,Mya arenaria,Mya,arenaria,Introduced,NA
4740,0,0,Crangonyx floridanus,Crangonyx,floridanus,Introduced,NA
2590,0,0,Potamothrix bavaricus,Potamothrix,bavaricus,Introduced,NA
4335,0,0,Caecidotea racovitzai,Caecidotea,racovitzai,Introduced,NA
4560,0,0,Sinocorophium heteroceratum,Sinocorophium,heteroceratum,Introduced,as Corophium heteroceratum
4770,0,0,Melita nitida,Melita,nitida,Introduced,NA
4330,0,0,Asellus hilgendorfii,Asellus,hilgendorfii,Introduced,NA
2690,0,0,Tubificoides brownae,Tubificoides,brownae,Introduced,NA
4870,0,0,Palaemon macrodactylus,Palaemon,macrodactylus,Introduced,NA
3070,0,0,Polydora cornuta,Polydora,cornuta,Introduced,NA
4100,0,0,Hyperacanthomysis longirostris,Hyperacanthomysis,longirostris,Introduced,Opossum?
6690,0,0,Musculista senhousia,Musculista,senhousia,Introduced,as Arcuatula senhousia
6670,0,0,Theora lubrica,Theora,lubrica,Introduced,NA
4530,0,0,Monocorophium acherusicum,Monocorophium,acherusicum,Introduced,NA
4570,0,0,Monocorophium insidiosum,Monocorophium,insidiosum,Introduced,NA
4525,0,0,Ampithoe valida,Ampithoe,valida,Introduced,NA
2820,0,0,Eukerria saltensis,Eukerria,saltensis,Introduced,NA
2030,0,0,Chaetogaster diaphanus,Chaetogaster,diaphanus,Introduced,NA
4940,0,0,Eriocheir sinensis,Eriocheir,sinensis,Introduced,NA
4070,0,0,Eusarsiella zostericola,Eusarsiella,zostericola,Introduced,NA
3091,0,0,Pseudopolydora paucibranchiata,Pseudopolydora,paucibranchiata,Introduced,NA
4580,0,0,Monocorophium uenoi,Monocorophium,uenoi,Introduced,NA
4715,0,0,Stenothoe valida,Stenothoe,valida,Introduced,NA
4111,0,0,Neomysis japonica,Neomysis,japonica,Introduced,Opossum?
6500,0,0,Philine auriformis,Philine,auriformis,Introduced,NA
3300,0,0,Megasyllis nipponica,Megasyllis,nipponica,Introduced,NA
4101,0,0,Orientomysis aspera,Orientomysis,aspera,Introduced,as Acanthomysis aspera?; opossum?
4860,0,0,Exopalaemon modestus,Exopalaemon,modestus,Introduced,as Palaemon modestus
4910,0,0,Pacifastacus leniusculus,Pacifastacus,leniusculus,Introduced,NA
7000,0,0,Molgula manhattensis,Molgula,manhattensis,Introduced,NA
4390,0,0,Sphaeroma quoianum,Sphaeroma,quoianum,Introduced,NA
6850,0,0,Gemma gemma,Gemma,gemma,Introduced,NA
2727,0,0,Tubificoides wasselli,Tubificoides,wasselli,Introduced,NA
4610,1,1,Americorophium spinicorne,Americorophium,spinicorne,NA,NA
4630,1,1,Americorophium stimpsoni,Americorophium,stimpsoni,NA,NA
2550,1,1,Limnodrilus hoffmeisteri,Limnodrilus,hoffmeisteri,NA,NA
4090,1,1,Cyprideis sp. A,Cyprideis,sp. A,NA,NA
2470,1,1,Bothrioneurum vejdovskyanum,Bothrioneurum,vejdovskyanum,NA,NA
2410,1,1,Aulodrilus limnobius,Aulodrilus,limnobius,NA,NA
1290,1,1,mermithid sp. A,Mermithid,sp. A,NA,NA
2510,1,1,Ilyodrilus frantzi,Ilyodrilus,frantzi,NA,NA
6770,1,1,Pisidium compressum,Pisidium,compressum,NA,NA
1130,1,1,Prostoma graecense,Prostoma,graecense,NA,NA
3330,1,1,Hediste limnicola,Hediste,limnicola,NA,NA
2450,1,1,Aulodrilus japonicus,Aulodrilus,japonicus,NA,NA
2840,1,1,Altmanella freidris,Altmanella,freidris,NA,NA
2720,1,1,Tubificoides heterochaetus,Tubificoides,heterochaetus,NA,NA
4810,1,1,Hyalella sp. A,Hyalella,sp. A,NA,NA
2430,1,1,Aulodrilus pigueti,Aulodrilus,pigueti,NA,NA
2630,1,1,Quistadrilus multisetosus,Quistadrilus,multisetosus,NA,NA
2570,1,1,Limnodrilus udekemianus,Limnodrilus,udekemianus,NA,NA
2650,1,1,Embolocephalus nikolskyi,Embolocephalus,nikolskyi,NA,NA
1230,1,1,Dorylaimus sp. A,Dorylaimus,sp. A,NA,Nematodes?
6750,1,1,Pisidium casertanum,Pisidium,casertanum,NA,NA
2090,1,1,Dero trifida,Dero,trifida,NA,NA
2810,1,1,Sparganophilus eiseni,Sparganophilus,eiseni,NA,NA
2530,1,1,Ilyodrilus templetoni,Ilyodrilus,templetoni,NA,NA
4050,1,1,Candona sp. A,Candona,sp. A,NA,NA
5410,1,1,Procladius sp. A,Procladius,sp. A,NA,NA
1270,1,1,Actinolaiminae sp. A,Actinolaiminae,sp. A,NA,NA
2610,1,1,Psammoryctides californianus,Psammoryctides,californianus,NA,NA
6570,1,1,Physa sp. A,Physa,sp. A,NA,NA
4030,1,1,Isocypris sp. A,Isocypris,sp. A,NA,NA
1090,1,1,turbellarian sp. A,Unknown,turbellarian sp. A,NA,NA
4350,1,1,Gnorimosphaeroma insulare,Gnorimosphaeroma,insulare,NA,NA
4370,1,1,Gnorimosphaeroma oregonensis,Gnorimosphaeroma,oregonensis,NA,NA
6490,1,1,Fluminicola sp. A,Fluminicola,sp. A,NA,NA
2850,1,1,Lumbriculus variegatus,Lumbriculus,variegatus,NA,NA
6530,1,1,Gyraulus circumstriatus,Gyraulus,circumstriatus,NA,NA
2970,1,1,Mooreobdella microstoma,Mooreobdella,microstoma,NA,NA
1010,1,1,Girardia tigrina,Girardia,tigrina,NA,NA
5550,1,1,Cryptochironomus sp. A,Cryptochironomus,sp. A,NA,NA
2270,1,1,Slavina appendiculata,Slavina,appendiculata,NA,NA
6497,0,1,Hydrobioidea sp. E,Hydrobioidea,sp. E,NA,NA
2540,0,1,Limnodrilus claparedianus,Limnodrilus,claparedianus,NA,NA
5530,0,1,Chironomus attenuatus,Chironomus,attenuatus,NA,NA
1295,0,1,nematode sp. A,Unknown,nematode sp. A,NA,NA
6590,0,1,Ferrissia californica,Ferrissia,californica,NA,NA
2050,0,1,Chaetogaster limnaei,Chaetogaster,limnaei,NA,NA
1210,0,1,Teratocephalus sp. A,Teratocephalus,sp. A,NA,NA
5790,0,1,Polypedilum sp. A,Polypedilum,sp. A,NA,NA
5990,0,1,Psectrocladius sp. A,Psectrocladius,sp. A,NA,NA
2710,0,1,Tubificoides fraseri,Tubificoides,fraseri,NA,NA
2210,0,1,Paranais frici,Paranais,frici,NA,NA
2190,0,1,Ophidonais serpentina,Ophidonais,serpentina,NA,NA
6565,0,1,Helisoma anceps,Helisoma,anceps,NA,NA
2790,0,1,enchytraeid sp. B,Unknown,enchytraeid sp. B,NA,NA
2330,0,1,Vejdovskyella intermedia,Vejdovskyella,intermedia,NA,NA
2100,0,1,Haemonais waldvogeli,Haemonais,waldvogeli,NA,NA
1205,0,1,Amphidelus sp. A,Amphidelus,sp. A,NA,NA
2110,0,1,Nais communis / variabilis,Nais,communis / variabilis,NA,NA
3250,0,1,Eteone californica,Eteone,californica,NA,NA
6496,0,1,Hydrobioidea sp. D,Hydrobioidea,sp. D,NA,NA
2670,0,1,Teneridrilus mastix,Teneridrilus,mastix,NA,NA
5236,0,1,Oxyethira sp. A,Oxyethira,sp. A,NA,NA
4315,0,1,Cyathura sp. A,Cyathura,sp. A,NA,NA
2080,0,1,Dero nivea,Dero,nivea,NA,NA
3270,0,1,Eteone lighti,Eteone,lighti,NA,NA
1110,0,1,paleonemertean sp. A,Unknown,paleonemertean sp. A,NA,NA
5130,0,1,Stylurus olivaceus,Stylurus,olivaceus,NA,NA
2870,0,1,Rhynchelmis rostrata,Rhynchelmis,rostrata,NA,NA
2070,0,1,Dero digitata,Dero,digitata,NA,NA
5601,0,1,Dicrotendipes sp. B,Dicrotendipes,sp. B,NA,NA
5691,0,1,Parachironomus sp. A,Parachironomus,sp. A,NA,NA
2290,0,1,Stylaria lacustris,Stylaria,lacustris,NA,NA
1020,0,1,planariid sp. A,Unknown,planariid sp. A,NA,NA
1050,0,1,triclad sp. B,Unknown,triclad sp. B,NA,NA
5670,0,1,Harnischia curtilamellata,Harnischia,curtilamellata,NA,NA
5710,0,1,Paracladopelma sp. A,Paracladopelma,sp. A,NA,NA
2770,0,1,Enchytraeus sp. A,Enchytraeus,sp. A,NA,NA
5520,0,1,Tanytarsus sp. A,Tanytarsus,sp. A,NA,NA
4020,0,1,Herpetocypris brevicaudata,Herpetocypris,brevicaudata,NA,NA
5570,0,1,Cryptochironomus sp. B,Cryptochironomus,sp. B,NA,NA
2910,0,1,Helobdella stagnalis,Helobdella,stagnalis,NA,NA
1095,0,1,turbellarian sp. F,Unknown,turbellarian sp. F,NA,NA
5450,0,1,Ablabesmyia sp. A,Ablabesmyia,sp. A,NA,NA
6495,0,1,Hydrobioidea sp. C,Hydrobioidea,sp. C,NA,NA
6560,0,1,Dilatata dilatatus,Dilatata,dilatatus,NA,NA
1000,0,1,Hydra sp. A,Hydra,sp. A,NA,NA
6491,0,1,Hydrobioidea sp. A,Hydrobioidea,sp. A,NA,NA
4110,0,1,Neomysis mercedis,Neomysis,mercedis,NA,Opossum?
5510,0,1,Paratanytarsus sp. A,Paratanytarsus,sp. A,NA,NA
2980,0,1,Gloiobdella elongata,Gloiobdella,elongata,NA,NA
4890,0,1,Crangon franciscorum,Crangon,franciscorum,NA,NA
1030,0,1,triclad sp. A,Unknown,triclad sp. A,NA,NA
2230,0,1,Pristina breviseta,Pristina,breviseta,NA,NA
2930,0,1,Helobdella triserialis,Helobdella,triserialis,NA,NA
5140,0,1,Enallagma sp. A,Enallagma,sp. A,NA,NA
5600,0,1,Dicrotendipes sp. A,Dicrotendipes,sp. A,NA,NA
2800,0,1,enchytraeid sp. C,Unknown,enchytraeid sp. C,NA,NA
5470,0,1,Cladotanytarsus sp. A,Cladotanytarsus,sp. A,NA,NA
5630,0,1,Endochironomus sp. A,Endochironomus,sp. A,NA,NA
5490,0,1,Micropsectra sp. A,Micropsectra,sp. A,NA,NA
2251,0,1,Pristina sp. A,Pristina,sp. A,NA,NA
4730,0,1,Gnathopleustes pugettensis,Gnathopleustes,pugettensis,NA,NA
2005,0,1,Arcteonais lomondi,Arcteonais,lomondi,NA,NA
1091,0,1,turbellarian sp. B,Unknown,turbellarian sp. B,NA,NA
2130,0,1,Nais pardalis,Nais,pardalis,NA,NA
6230,0,1,Limnesia sp. A,Limnesia,sp. A,NA,NA
6740,0,1,Musculium transversum,Musculium,transversum,NA,NA
2300,0,1,Uncinais uncinata,Uncinais,uncinata,NA,NA
5235,0,1,Hydroptila sp. A,Hydroptila,sp. A,NA,NA
6270,0,1,Unionicola sp. A,Unionicola,sp. A,NA,NA
2250,0,1,Pristina leidyi,Pristina,leidyi,NA,NA
5210,0,1,Trichocorixa verticalis,Trichocorixa,verticalis,NA,NA
5590,0,1,Demicryptochironomus sp. A,Demicryptochironomus,sp. A,NA,NA
6610,0,1,Assiminea californica,Assiminea,californica,NA,NA
4892,0,1,Crangon nigricauda,Crangon,nigricauda,NA,NA
5540,0,1,Cladopelma sp. A,Cladopelma,sp. A,NA,NA
5770,0,1,Phaenopsectra sp. A,Phaenopsectra,sp. A,NA,NA
6015,0,1,Probezzia sp. A,Probezzia,sp. A,NA,NA
2660,0,1,Teneridrilus calvus,Teneridrilus,calvus,NA,NA
5870,0,1,Monodiamesa sp. A,Monodiamesa,sp. A,NA,NA
4520,0,1,Ampelisca lobata,Ampelisca,lobata,NA,NA
5675,0,1,Microchironomus sp. A,Microchironomus,sp. A,NA,NA
4745,0,1,Eogammarus confervicolus,Eogammarus,confervicolus,NA,NA
2580,0,1,Monopylephorus evertus,Monopylephorus,evertus,NA,NA
5610,0,1,Glyptotendipes sp. A,Glyptotendipes,sp. A,NA,NA
5535,0,1,Chironomus stigmaterus,Chironomus,stigmaterus,NA,NA
5572,0,1,Cryptochironomus sp. D,Cryptochironomus,sp. D,NA,NA
3180,0,1,Capitella sp. A,Capitella,sp. A,NA,NA
5890,0,1,Cricotopus bicinctus,Cricotopus,bicinctus,NA,NA
5030,0,1,Heptagenia sp. A,Heptagenia,sp. A,NA,NA
5150,0,1,Zoniagrion exclamationis,Zoniagrion,exclamationis,NA,NA
5750,0,1,Paratendipes sp. A,Paratendipes,sp. A,NA,NA
6010,0,1,Palpomyia sp. A,Palpomyia,sp. A,NA,NA
3390,0,1,Glycinde armigera,Glycinde,armigera,NA,NA
2170,0,1,Nais simplex,Nais,simplex,NA,NA
4040,0,1,Cyclocypris sp. A,Cyclocypris,sp. A,NA,NA
5511,0,1,Paratanytarsus sp. B,Paratanytarsus,sp. B,NA,NA
5070,0,1,Hexagenia limbata californica,Hexagenia,limbata californica,NA,NA
3310,0,1,Harmothoe imbricata,Harmothoe,imbricata,NA,NA
3105,0,1,Spiophanes duplex,Spiophanes,duplex,NA,NA
6004,0,1,Ceratopogon sp. A,Ceratopogon,sp. A,NA,NA
5190,0,1,Corisella inscripta,Corisella,inscripta,NA,NA
1150,0,1,Nemertea sp. A,Nemertea,sp. A,NA,NA
2581,0,1,Monopylephorus sp. A,Monopylephorus,sp. A,NA,NA
3080,0,1,Dipolydora socialis,Dipolydora,socialis,NA,NA
4109,0,1,Neomysis kadiakensis,Neomysis,kadiakensis,NA,Opossum?
5110,0,1,Caenis latipennis,Caenis,latipennis,NA,NA
5242,0,1,Oecetis sp. B,Oecetis,sp. B,NA,NA
5575,0,1,Cryptotendipes sp. A,Cryptotendipes,sp. A,NA,NA
1200,0,1,nematode sp.,Unknown,Unknown,NA,NA
5500,0,1,Nimbocera sp. A,Nimbocera,sp. A,NA,NA
2310,0,1,Vejdovskyella comata,Vejdovskyella,comata,NA,NA
5950,0,1,Nanocladius distinctus,Nanocladius,distinctus,NA,NA
1092,0,1,turbellarian sp. C,Unknown,turbellarian sp. C,NA,NA
1151,0,1,Nemertea sp. B,Nemertea,sp. B,NA,NA
2655,0,1,Tectidrilus diversus,Tectidrilus,diversus,NA,NA
3240,0,1,Phyllodoce groenlandica,Phyllodoce,groenlandica,NA,NA
3999,0,1,Cyclopid sp. A,Unknown,Cyclopid sp. A,NA,NA
4105,0,1,Alienacanthomysis macropsis,Alienacanthomysis,macropsis,NA,Opossum?
5525,0,1,Tanytarsus sp. B,Tanytarsus,sp. B,NA,NA
5910,0,1,Cricotopus sp. A,Cricotopus,sp. A,NA,NA
5911,0,1,Cricotopus sp. B,Cricotopus,sp. B,NA,NA
6910,0,1,Anodonta sp. A,Anodonta,sp. A,NA,NA
2120,0,1,Nais elinguis,Nais,elinguis,NA,NA
2830,0,1,megascolecid sp. A,Unknown,megascolecid sp. A,NA,NA
4010,0,1,Eucypris sp. A,Eucypris,sp. A,NA,NA
5241,0,1,Oecetis sp. A,Oecetis,sp. A,NA,NA
5850,0,1,Stictochironomus sp. A,Stictochironomus,sp. A,NA,NA
5860,0,1,Xenochironomus xenolabis,Xenochironomus,xenolabis,NA,NA
2000,0,1,Gordius sp. A,Gordius,sp. A,NA,NA
2075,0,1,Dero lodeni,Dero,lodeni,NA,NA
2652,0,1,Varichaetadrilus harmani,Varichaetadrilus,harmani,NA,NA
3280,0,1,Exogone lourei,Exogone,lourei,NA,NA
4720,0,1,Americhelidium shoemakeri,Americhelidium,shoemakeri,NA,NA
4835,0,1,Caprella mendax,Caprella,mendax,NA,NA
4930,0,1,Upogebia pugettensis,Upogebia,pugettensis,NA,NA
5234,0,1,Hydroptila sp. B,Hydroptila,sp. B,NA,NA
5245,0,1,Tinodes belisa,Tinodes,belisa,NA,NA
5330,0,1,Chaoborus albatus,Chaoborus,albatus,NA,NA
5631,0,1,Endochironomus sp. B,Endochironomus,sp. B,NA,NA
5692,0,1,Parachironomus sp. B,Parachironomus,sp. B,NA,NA
5792,0,1,Polypedilum sp. C,Polypedilum,sp. C,NA,NA
5945,0,1,Limnophyes sp. A,Limnophyes,sp. A,NA,NA
5997,0,1,Thienemanniella sp. A,Thienemanniella,sp. A,NA,NA
6000,0,1,Bezzia sp. A,Bezzia,sp. A,NA,NA
6025,0,1,Limonia sp. A,Limonia,sp. A,NA,NA
6229,0,1,Lebertia sp. A,Lebertia,sp. A,NA,NA
6265,0,1,Sperchon sp. A,Sperchon,sp. A,NA,NA
6295,0,1,Arrenurus sp. A,Arrenurus,sp. A,NA,NA
6860,0,1,Cooperella subdiaphana,Cooperella,subdiaphana,NA,NA
7500,0,1,Phoronopsis harmeri,Phoronopsis,harmeri,NA,NA
2805,0,NA,Eiseniella tetraedra,Eiseniella,tetraedra,Needs review,NA
